{
  "lgb": {
    "learning_rate": 0.04120858095743626,
    "num_leaves": 98,
    "max_depth": 5,
    "feature_fraction": 0.6999862492333337,
    "bagging_fraction": 0.7074700789935715,
    "bagging_freq": 8,
    "min_child_samples": 45,
    "lambda_l1": 0.0007342296132361527,
    "lambda_l2": 0.19995124440310388
  },
  "cat": {
    "iterations": 3000,
    "learning_rate": 0.03818966778848779,
    "depth": 8,
    "l2_leaf_reg": 8.63042382273831,
    "random_strength": 0.90773843836066,
    "bagging_temperature": 0.8246570609382899,
    "border_count": 54
  }
}